table_name,column_index,label
WHO_001.csv,0,ID
WHO_001.csv,1,Pathogen
WHO_001.csv,2,ID
WHO_001.csv,3,__none__
WHO_001.csv,4,Case_status
WHO_001.csv,5,__none__
WHO_001.csv,6,__none__
WHO_001.csv,7,__none__
WHO_001.csv,8,__none__
WHO_001.csv,9,__none__
WHO_001.csv,10,__none__
WHO_001.csv,11,__none__
WHO_001.csv,12,__none__
WHO_001.csv,13,Date_onset
WHO_001.csv,14,Date_confirmation
WHO_001.csv,15,Confirmation_method
WHO_001.csv,16,Date_report
WHO_001.csv,17,__none__
WHO_001.csv,18,__none__
WHO_001.csv,19,__none__
WHO_001.csv,20,__none__
WHO_001.csv,21,Age
WHO_001.csv,22,__none__
WHO_001.csv,23,__none__
WHO_001.csv,24,Sex_at_birth
WHO_001.csv,25,__none__
WHO_001.csv,26,__none__
WHO_001.csv,27,__none__
WHO_001.csv,28,__none__
WHO_001.csv,29,__none__
WHO_001.csv,30,__none__
WHO_001.csv,31,__none__
WHO_001.csv,32,__none__
WHO_001.csv,33,Outcome
WHO_001.csv,34,Date_death
WHO_001.csv,35,Hospitalised
WHO_001.csv,36,Travel_history
WHO_001.csv,37,Vaccination
WHO_001.csv,38,Vaccination_date
WHO_001.csv,39,__none__
WHO_001.csv,40,__none__
WHO_001.csv,41,__none__
WHO_001.csv,42,__none__
WHO_001.csv,43,Pregnancy_Status
WHO_001.csv,44,__none__
WHO_001.csv,45,Symptoms
WHO_001.csv,46,__none__
WHO_001.csv,47,__none__
WHO_001.csv,48,Race
WHO_001.csv,49,Occupation
WHO_001.csv,50,Occupation
WHO_001.csv,51,Healthcare_worker
WHO_001.csv,52,__none__
WHO_001.csv,53,__none__
WHO_001.csv,54,__none__
WHO_001.csv,55,__none__
WHO_001.csv,56,__none__
WHO_001.csv,57,__none__
WHO_001.csv,58,__none__
WHO_001.csv,59,__none__
WHO_001.csv,60,Pre_existing_condition
WHO_001.csv,61,Pre_existing_condition
WHO_001.csv,62,Pre_existing_condition
WHO_001.csv,63,Pre_existing_condition
WHO_001.csv,64,Pre_existing_condition
WHO_001.csv,65,Pre_existing_condition
WHO_001.csv,66,Pre_existing_condition
WHO_001.csv,67,Pre_existing_condition
WHO_001.csv,68,Pre_existing_condition
WHO_001.csv,69,Pre_existing_condition
WHO_001.csv,70,Pre_existing_condition
WHO_001.csv,71,__none__
WHO_001.csv,72,__none__
WHO_001.csv,73,__none__
WHO_001.csv,74,__none__
WHO_001.csv,75,__none__
WHO_001.csv,76,__none__
WHO_001.csv,77,__none__
WHO_001.csv,78,__none__
WHO_001.csv,79,__none__
WHO_001.csv,80,Hospitalised
WHO_001.csv,81,__none__
WHO_001.csv,82,Travel_history
WHO_001.csv,83,__none__
WHO_001.csv,84,__none__
WHO_001.csv,85,__none__
WHO_001.csv,86,Contact_animal
WHO_001.csv,87,Contact_comment
WHO_001.csv,88,__none__
WHO_001.csv,89,__none__
WHO_001.csv,90,__none__
WHO_001.csv,91,__none__
WHO_001.csv,92,__none__
WHO_001.csv,93,Outcome
WHO_001.csv,94,__none__
WHO_001.csv,95,__none__
WHO_001.csv,96,__none__
WHO_001.csv,97,__none__
WHO_001.csv,98,__none__
WHO_002.csv,0,ID
WHO_002.csv,1,ID
WHO_002.csv,2,ID
WHO_002.csv,3,ID
WHO_002.csv,4,ID
WHO_002.csv,5,Contact_ID
WHO_002.csv,6,ID
WHO_002.csv,7,__none__
WHO_002.csv,8,__none__
WHO_002.csv,9,__none__
WHO_002.csv,10,Age
WHO_002.csv,11,Sex_at_birth
WHO_002.csv,12,Case_status
WHO_002.csv,13,__none__
WHO_002.csv,14,__none__
WHO_002.csv,15,__none__
WHO_002.csv,16,__none__
WHO_002.csv,17,__none__
WHO_002.csv,18,__none__
WHO_002.csv,19,Location_information
WHO_002.csv,20,__none__
WHO_002.csv,21,__none__
WHO_002.csv,22,__none__
WHO_002.csv,23,__none__
WHO_002.csv,24,__none__
WHO_002.csv,25,__none__
WHO_002.csv,26,Date_onset
WHO_002.csv,27,__none__
WHO_002.csv,28,Date_report
WHO_002.csv,29,Date_confirmation
WHO_002.csv,30,Date_isolation
WHO_002.csv,31,Date_hospitalisation
WHO_002.csv,32,__none__
WHO_002.csv,33,__none__
WHO_002.csv,34,__none__
WHO_002.csv,35,__none__
WHO_002.csv,36,__none__
WHO_002.csv,37,__none__
WHO_002.csv,38,__none__
WHO_002.csv,39,Outcome
WHO_002.csv,40,__none__
WHO_002.csv,41,__none__
WHO_002.csv,42,Pregnancy_Status
WHO_002.csv,43,__none__
WHO_002.csv,44,__none__
WHO_002.csv,45,__none__
WHO_002.csv,46,Healthcare_worker
WHO_002.csv,47,__none__
WHO_002.csv,48,Occupation
WHO_002.csv,49,Contact_with_case
WHO_002.csv,50,__none__
WHO_002.csv,51,__none__
WHO_002.csv,52,__none__
WHO_002.csv,53,Contact_setting
WHO_002.csv,54,__none__
WHO_002.csv,55,__none__
WHO_002.csv,56,Vaccination
WHO_002.csv,57,Vaccination_date
WHO_002.csv,58,Vaccine_name
WHO_002.csv,59,Source
WHO_002.csv,60,__none__
WHO_002.csv,61,Date_last_modified
WHO_002.csv,62,__none__
WHO_002.csv,63,__none__
WHO_002.csv,64,__none__
WHO_002.csv,65,__none__
WHO_002.csv,66,__none__
WHO_002.csv,67,__none__
WHO_002.csv,68,__none__
WHO_002.csv,69,__none__
WHO_002.csv,70,__none__
WHO_002.csv,71,__none__
WHO_002.csv,72,__none__
WHO_002.csv,73,__none__
WHO_002.csv,74,__none__
WHO_002.csv,75,__none__
WHO_002.csv,76,__none__
WHO_002.csv,77,__none__
WHO_002.csv,78,__none__
WHO_002.csv,79,__none__
WHO_002.csv,80,__none__
WHO_002.csv,81,__none__
WHO_002.csv,82,__none__
WHO_002.csv,83,__none__
WHO_002.csv,84,__none__
WHO_002.csv,85,__none__
WHO_002.csv,86,__none__
WHO_002.csv,87,__none__
WHO_002.csv,88,__none__
WHO_002.csv,89,__none__
WHO_003.csv,0,ID
WHO_003.csv,1,__none__
WHO_003.csv,2,__none__
WHO_003.csv,3,__none__
WHO_003.csv,4,__none__
WHO_003.csv,5,__none__
WHO_003.csv,6,__none__
WHO_003.csv,7,__none__
WHO_003.csv,8,__none__
WHO_003.csv,9,Intensive_care
WHO_003.csv,10,__none__
WHO_003.csv,11,Genomics_Metadata
WHO_003.csv,12,Age
WHO_003.csv,13,__none__
WHO_003.csv,14,Case_status
WHO_003.csv,15,Symptoms
WHO_003.csv,16,Location_information
WHO_003.csv,17,Date_death
WHO_003.csv,18,Date_hospitalisation
WHO_003.csv,19,Date_onset
WHO_003.csv,20,__none__
WHO_003.csv,21,__none__
WHO_003.csv,22,Gender
WHO_003.csv,23,Hospitalised
WHO_003.csv,24,Outcome
WHO_003.csv,25,Location_information
WHO_003.csv,26,Pre_existing_condition
WHO_003.csv,27,Pre_existing_condition
WHO_003.csv,28,Previous_infection
WHO_003.csv,29,__none__
WHO_003.csv,30,__none__
WHO_003.csv,31,__none__
WHO_003.csv,32,__none__
WHO_003.csv,33,__none__
WHO_003.csv,34,__none__
WHO_003.csv,35,Vaccine_name
WHO_003.csv,36,Vaccination_date
WHO_003.csv,37,Vaccination
WHO_003.csv,38,Pathogen
WHO_003.csv,39,__none__
WHO_004.csv,0,Location_information
WHO_004.csv,1,__none__
WHO_004.csv,2,__none__
WHO_004.csv,3,Date_report
WHO_004.csv,4,__none__
WHO_004.csv,5,__none__
WHO_004.csv,6,__none__
WHO_004.csv,7,__none__
WHO_004.csv,8,__none__
WHO_004.csv,9,__none__
WHO_004.csv,10,__none__
WHO_004.csv,11,__none__
WHO_004.csv,12,__none__
WHO_004.csv,13,__none__
WHO_004.csv,14,__none__
WHO_004.csv,15,__none__
WHO_004.csv,16,Genomics_Metadata
WHO_004.csv,17,__none__
WHO_004.csv,18,__none__
WHO_004.csv,19,__none__
WHO_005.csv,0,ID
WHO_005.csv,1,Date_report
WHO_005.csv,2,Location_information
WHO_005.csv,3,__none__
WHO_005.csv,4,Age
WHO_005.csv,5,Sex_at_birth
WHO_005.csv,6,__none__
WHO_005.csv,7,Date_onset
WHO_005.csv,8,__none__
WHO_005.csv,9,__none__
WHO_005.csv,10,Travel_history
WHO_005.csv,11,__none__
WHO_005.csv,12,Contact_setting
WHO_005.csv,13,__none__
WHO_005.csv,14,Occupation
WHO_005.csv,15,Vaccination
WHO_005.csv,16,__none__
WHO_005.csv,17,__none__
WHO_005.csv,18,Symptoms
WHO_005.csv,19,__none__
WHO_005.csv,20,Date_confirmation
WHO_005.csv,21,__none__
WHO_005.csv,22,Genomics_Metadata
WHO_005.csv,23,__none__
WHO_005.csv,24,Hospitalised
WHO_005.csv,25,Date_hospitalisation
WHO_005.csv,26,Outcome
WHO_005.csv,27,Case_status
WHO_006.csv,0,Location_information
WHO_006.csv,1,Sex_at_birth
WHO_006.csv,2,Age
WHO_006.csv,3,Age
WHO_006.csv,4,__none__
WHO_006.csv,5,Date_report
WHO_006.csv,6,__none__
WHO_006.csv,7,__none__
WHO_007.csv,0,ID
WHO_007.csv,1,__none__
WHO_007.csv,2,__none__
WHO_007.csv,3,__none__
WHO_007.csv,4,__none__
WHO_007.csv,5,__none__
WHO_007.csv,6,__none__
WHO_007.csv,7,__none__
WHO_007.csv,8,Date_report
WHO_007.csv,9,__none__
WHO_007.csv,10,__none__
WHO_007.csv,11,__none__
WHO_007.csv,12,__none__
WHO_007.csv,13,__none__
WHO_007.csv,14,__none__
WHO_007.csv,15,__none__
WHO_007.csv,16,__none__
WHO_007.csv,17,__none__
WHO_008.csv,0,Date_report
WHO_008.csv,1,__none__
WHO_008.csv,2,Location_information
WHO_008.csv,3,__none__
WHO_008.csv,4,__none__
WHO_008.csv,5,Date_death
WHO_009.csv,0,ID
WHO_009.csv,1,__none__
WHO_009.csv,2,Location_information
WHO_009.csv,3,__none__
WHO_009.csv,4,Sex_at_birth
WHO_009.csv,5,Date_report
WHO_009.csv,6,Location_information
WHO_009.csv,7,Outcome
WHO_009.csv,8,Age
WHO_009.csv,9,Hospitalised
WHO_009.csv,10,Intensive_care
WHO_009.csv,11,__none__
WHO_009.csv,12,__none__
WHO_009.csv,13,Outcome
WHO_010.csv,0,Location_information
WHO_010.csv,1,Date_report
WHO_010.csv,2,__none__
WHO_010.csv,3,__none__
WHO_010.csv,4,__none__
WHO_010.csv,5,__none__
WHO_010.csv,6,__none__
WHO_010.csv,7,__none__
WHO_010.csv,8,__none__
WHO_010.csv,9,__none__
WHO_011.csv,0,__none__
WHO_011.csv,1,__none__
WHO_011.csv,2,Location_information
WHO_011.csv,3,Date_report
WHO_011.csv,4,__none__
WHO_011.csv,5,__none__
WHO_011.csv,6,__none__
WHO_011.csv,7,__none__
WHO_011.csv,8,__none__
WHO_011.csv,9,__none__
WHO_011.csv,10,__none__
WHO_011.csv,11,__none__
WHO_011.csv,12,__none__
WHO_011.csv,13,__none__
WHO_011.csv,14,__none__
WHO_011.csv,15,__none__
WHO_011.csv,16,__none__
WHO_011.csv,17,Intensive_care
WHO_011.csv,18,__none__
WHO_011.csv,19,Hospitalised
WHO_011.csv,20,__none__
WHO_011.csv,21,__none__
WHO_011.csv,22,__none__
WHO_011.csv,23,__none__
WHO_011.csv,24,__none__
WHO_011.csv,25,__none__
WHO_011.csv,26,__none__
WHO_011.csv,27,__none__
WHO_011.csv,28,__none__
WHO_011.csv,29,__none__
WHO_011.csv,30,__none__
WHO_011.csv,31,__none__
WHO_011.csv,32,__none__
WHO_011.csv,33,__none__
WHO_011.csv,34,Vaccination
WHO_011.csv,35,__none__
WHO_011.csv,36,__none__
WHO_011.csv,37,__none__
WHO_011.csv,38,__none__
WHO_011.csv,39,__none__
WHO_011.csv,40,__none__
WHO_011.csv,41,__none__
WHO_011.csv,42,__none__
WHO_011.csv,43,__none__
WHO_011.csv,44,__none__
WHO_011.csv,45,__none__
WHO_011.csv,46,__none__
WHO_011.csv,47,__none__
WHO_011.csv,48,__none__
WHO_011.csv,49,__none__
WHO_011.csv,50,__none__
WHO_011.csv,51,__none__
WHO_011.csv,52,__none__
WHO_011.csv,53,__none__
WHO_011.csv,54,__none__
WHO_012.csv,0,Date_report
WHO_012.csv,1,Location_information
WHO_012.csv,2,Location_information
WHO_012.csv,3,Location_information
WHO_012.csv,4,__none__
WHO_012.csv,5,__none__
WHO_013.csv,0,Location_information
WHO_013.csv,1,Date_report
WHO_013.csv,2,__none__
WHO_013.csv,3,__none__
WHO_013.csv,4,__none__
WHO_013.csv,5,__none__
WHO_013.csv,6,__none__
WHO_013.csv,7,__none__
WHO_013.csv,8,__none__
WHO_013.csv,9,__none__
WHO_013.csv,10,__none__
WHO_013.csv,11,__none__
WHO_013.csv,12,__none__
WHO_013.csv,13,__none__
WHO_013.csv,14,__none__
WHO_013.csv,15,__none__
WHO_013.csv,16,__none__
WHO_013.csv,17,__none__
WHO_013.csv,18,__none__
WHO_013.csv,19,__none__
WHO_013.csv,20,__none__
WHO_013.csv,21,__none__
WHO_013.csv,22,__none__
WHO_013.csv,23,__none__
WHO_013.csv,24,__none__
WHO_013.csv,25,__none__
WHO_013.csv,26,__none__
WHO_013.csv,27,__none__
WHO_013.csv,28,__none__
WHO_013.csv,29,__none__
WHO_013.csv,30,__none__
WHO_013.csv,31,__none__
WHO_013.csv,32,__none__
WHO_013.csv,33,__none__
WHO_013.csv,34,__none__
WHO_013.csv,35,__none__
WHO_013.csv,36,__none__
WHO_013.csv,37,__none__
WHO_013.csv,38,__none__
WHO_013.csv,39,__none__
WHO_013.csv,40,__none__
WHO_013.csv,41,__none__
WHO_013.csv,42,__none__
WHO_014.csv,0,ID
WHO_014.csv,1,Location_information
WHO_014.csv,2,Location_information
WHO_014.csv,3,__none__
WHO_014.csv,4,Date_report
WHO_014.csv,5,__none__
WHO_014.csv,6,__none__
WHO_014.csv,7,__none__
WHO_014.csv,8,__none__
WHO_014.csv,9,__none__
WHO_014.csv,10,__none__
WHO_014.csv,11,__none__
WHO_014.csv,12,__none__
WHO_014.csv,13,__none__
WHO_014.csv,14,Confirmation_method
WHO_014.csv,15,__none__
WHO_014.csv,16,__none__
WHO_014.csv,17,__none__
WHO_014.csv,18,__none__
WHO_014.csv,19,__none__
WHO_015.csv,0,ID
WHO_015.csv,1,__none__
WHO_015.csv,2,__none__
WHO_015.csv,3,Age
WHO_015.csv,4,__none__
WHO_015.csv,5,Sex_at_birth
WHO_015.csv,6,Occupation
WHO_015.csv,7,__none__
WHO_015.csv,8,__none__
WHO_015.csv,9,__none__
WHO_015.csv,10,__none__
WHO_015.csv,11,Pregnancy_Status
WHO_015.csv,12,__none__
WHO_015.csv,13,__none__
WHO_015.csv,14,__none__
WHO_015.csv,15,Date_onset
WHO_015.csv,16,__none__
WHO_015.csv,17,Date_report
WHO_015.csv,18,Case_status
WHO_015.csv,19,__none__
WHO_015.csv,20,Date_hospitalisation
WHO_015.csv,21,Date_discharge_hospital
WHO_015.csv,22,__none__
WHO_015.csv,23,Vaccination
WHO_015.csv,24,Vaccination_date
WHO_015.csv,25,__none__
WHO_015.csv,26,__none__
WHO_015.csv,27,__none__
WHO_015.csv,28,__none__
WHO_015.csv,29,Date_confirmation
WHO_015.csv,30,__none__
WHO_015.csv,31,__none__
WHO_015.csv,32,Case_status
WHO_015.csv,33,__none__
WHO_015.csv,34,__none__
WHO_015.csv,35,__none__
WHO_015.csv,36,__none__
WHO_015.csv,37,__none__
WHO_015.csv,38,ID
WHO_015.csv,39,ID
WHO_016.csv,0,ID
WHO_016.csv,1,Contact_ID
WHO_016.csv,2,Contact_comment
WHO_016.csv,3,__none__
WHO_016.csv,4,Transmission
WHO_016.csv,5,Contact_setting_other
WHO_016.csv,6,ID
WHO_016.csv,7,ID
WHO_016.csv,8,__none__
WHO_016.csv,9,__none__
WHO_016.csv,10,Date_entry
WHO_016.csv,11,__none__
WHO_017.csv,0,__none__
WHO_017.csv,1,ID
WHO_017.csv,2,__none__
WHO_017.csv,3,Date_report
WHO_017.csv,4,__none__
WHO_017.csv,5,Occupation
WHO_017.csv,6,Age
WHO_017.csv,7,__none__
WHO_017.csv,8,Sex_at_birth
WHO_017.csv,9,__none__
WHO_017.csv,10,Date_onset
WHO_017.csv,11,Vaccination
WHO_017.csv,12,Vaccination_date
WHO_017.csv,13,Contact_with_case
WHO_017.csv,14,Contact_with_case
WHO_017.csv,15,__none__
WHO_017.csv,16,Source
WHO_017.csv,17,__none__
WHO_017.csv,18,__none__
WHO_017.csv,19,__none__
WHO_017.csv,20,__none__
WHO_017.csv,21,__none__
WHO_017.csv,22,__none__
WHO_017.csv,23,__none__
WHO_017.csv,24,__none__
WHO_017.csv,25,Date_hospitalisation
WHO_017.csv,26,__none__
WHO_017.csv,27,__none__
WHO_017.csv,28,Date_onset
WHO_017.csv,29,__none__
WHO_017.csv,30,Outcome
WHO_017.csv,31,Outcome
WHO_017.csv,32,Date_death
WHO_017.csv,33,__none__
WHO_017.csv,34,Source
WHO_017.csv,35,__none__
WHO_017.csv,36,Case_status
WHO_017.csv,37,ID
WHO_017.csv,38,Symptoms
WHO_017.csv,39,Symptoms
WHO_017.csv,40,Symptoms
WHO_017.csv,41,Symptoms
WHO_017.csv,42,Symptoms
WHO_017.csv,43,Symptoms
WHO_017.csv,44,Symptoms
WHO_017.csv,45,Symptoms
WHO_017.csv,46,Symptoms
WHO_017.csv,47,Symptoms
WHO_017.csv,48,Symptoms
WHO_017.csv,49,Symptoms
WHO_017.csv,50,Symptoms
WHO_017.csv,51,Symptoms
WHO_017.csv,52,Symptoms
WHO_017.csv,53,Symptoms
WHO_017.csv,54,Symptoms
WHO_017.csv,55,__none__
WHO_017.csv,56,__none__
WHO_017.csv,57,ID
WHO_017.csv,58,__none__
WHO_017.csv,59,__none__
WHO_017.csv,60,__none__
WHO_018.csv,0,Date_report
WHO_018.csv,1,__none__
WHO_018.csv,2,__none__
WHO_018.csv,3,__none__
WHO_018.csv,4,__none__
WHO_018.csv,5,__none__
WHO_018.csv,6,__none__
WHO_018.csv,7,__none__
WHO_018.csv,8,__none__
WHO_018.csv,9,__none__
WHO_018.csv,10,__none__
WHO_018.csv,11,__none__
WHO_018.csv,12,__none__
WHO_018.csv,13,__none__
WHO_018.csv,14,__none__
WHO_018.csv,15,__none__
WHO_018.csv,16,__none__
WHO_018.csv,17,__none__
WHO_018.csv,18,__none__
WHO_018.csv,19,__none__
WHO_018.csv,20,__none__
WHO_018.csv,21,Location_information
WHO_019.csv,0,Location_information
WHO_019.csv,1,Date_report
WHO_019.csv,2,__none__
WHO_019.csv,3,Location_information
WHO_019.csv,4,Location_information
WHO_019.csv,5,__none__
WHO_019.csv,6,__none__
WHO_019.csv,7,__none__
WHO_019.csv,8,__none__
WHO_019.csv,9,__none__
WHO_019.csv,10,__none__
WHO_019.csv,11,__none__
WHO_019.csv,12,__none__
WHO_019.csv,13,__none__
WHO_019.csv,14,__none__
WHO_019.csv,15,__none__
WHO_019.csv,16,__none__
WHO_019.csv,17,__none__
WHO_019.csv,18,__none__
WHO_019.csv,19,__none__
WHO_019.csv,20,__none__
WHO_019.csv,21,__none__
WHO_019.csv,22,__none__
WHO_019.csv,23,__none__
WHO_019.csv,24,__none__
WHO_019.csv,25,__none__
WHO_019.csv,26,__none__
WHO_019.csv,27,__none__
WHO_019.csv,28,__none__
WHO_019.csv,29,__none__
WHO_019.csv,30,__none__
WHO_019.csv,31,__none__
WHO_019.csv,32,__none__
WHO_019.csv,33,__none__
WHO_019.csv,34,__none__
WHO_019.csv,35,__none__
WHO_019.csv,36,__none__
WHO_019.csv,37,__none__
WHO_019.csv,38,__none__
WHO_019.csv,39,__none__
WHO_019.csv,40,__none__
WHO_019.csv,41,__none__
WHO_019.csv,42,__none__
WHO_019.csv,43,__none__
WHO_019.csv,44,__none__
WHO_019.csv,45,__none__
WHO_019.csv,46,__none__
WHO_019.csv,47,__none__
WHO_019.csv,48,__none__
WHO_020.csv,0,Date_entry
WHO_020.csv,1,ID
WHO_020.csv,2,__none__
WHO_020.csv,3,__none__
WHO_020.csv,4,Contact_ID
WHO_020.csv,5,__none__
WHO_020.csv,6,__none__
WHO_020.csv,7,__none__
WHO_020.csv,8,__none__
WHO_020.csv,9,__none__
WHO_020.csv,10,Contact_comment
WHO_020.csv,11,Age
WHO_020.csv,12,__none__
WHO_020.csv,13,Sex_at_birth
WHO_020.csv,14,Location_information
WHO_020.csv,15,Location_information
WHO_020.csv,16,Location_information
WHO_020.csv,17,__none__
WHO_020.csv,18,__none__
WHO_020.csv,19,__none__
WHO_020.csv,20,__none__
WHO_020.csv,21,__none__
WHO_020.csv,22,__none__
WHO_020.csv,23,Case_status
WHO_020.csv,24,__none__
WHO_020.csv,25,__none__
WHO_020.csv,26,__none__
WHO_020.csv,27,__none__
WHO_020.csv,28,__none__
WHO_020.csv,29,__none__
WHO_020.csv,30,__none__
WHO_020.csv,31,__none__
WHO_020.csv,32,__none__
WHO_020.csv,33,__none__
WHO_020.csv,34,__none__
WHO_020.csv,35,__none__
WHO_020.csv,36,__none__
WHO_020.csv,37,__none__
WHO_020.csv,38,__none__
WHO_020.csv,39,__none__
WHO_020.csv,40,__none__
WHO_020.csv,41,__none__
WHO_020.csv,42,__none__
WHO_020.csv,43,__none__
WHO_020.csv,44,__none__
WHO_020.csv,45,__none__
WHO_020.csv,46,Vaccination
WHO_020.csv,47,Vaccination_date
WHO_020.csv,48,__none__
WHO_020.csv,49,Isolated
WHO_020.csv,50,Case_status
WHO_021.csv,0,__none__
WHO_021.csv,1,ID
WHO_021.csv,2,ID
WHO_021.csv,3,Date_report
WHO_021.csv,4,__none__
WHO_021.csv,5,Occupation
WHO_021.csv,6,Age
WHO_021.csv,7,__none__
WHO_021.csv,8,Sex_at_birth
WHO_021.csv,9,__none__
WHO_021.csv,10,Date_onset
WHO_021.csv,11,Vaccination
WHO_021.csv,12,Vaccination_date
WHO_021.csv,13,__none__
WHO_021.csv,14,Contact_with_case
WHO_021.csv,15,__none__
WHO_021.csv,16,Source
WHO_021.csv,17,__none__
WHO_021.csv,18,Date_of_first_consultation
WHO_021.csv,19,__none__
WHO_021.csv,20,__none__
WHO_021.csv,21,Location_information
WHO_021.csv,22,__none__
WHO_021.csv,23,__none__
WHO_021.csv,24,__none__
WHO_021.csv,25,__none__
WHO_021.csv,26,__none__
WHO_021.csv,27,__none__
WHO_021.csv,28,__none__
WHO_021.csv,29,Outcome
WHO_021.csv,30,Date_death
WHO_021.csv,31,Case_status
WHO_021.csv,32,Isolated
WHO_021.csv,33,__none__
WHO_021.csv,34,Case_status
WHO_021.csv,35,__none__
WHO_021.csv,36,Symptoms
WHO_021.csv,37,Symptoms
WHO_021.csv,38,Symptoms
WHO_021.csv,39,Symptoms
WHO_021.csv,40,Symptoms
WHO_021.csv,41,Symptoms
WHO_021.csv,42,Symptoms
WHO_021.csv,43,Symptoms
WHO_021.csv,44,Symptoms
WHO_021.csv,45,Symptoms
WHO_021.csv,46,Symptoms
WHO_021.csv,47,Symptoms
WHO_021.csv,48,Symptoms
WHO_021.csv,49,Symptoms
WHO_021.csv,50,Symptoms
WHO_021.csv,51,Symptoms
WHO_021.csv,52,__none__
WHO_021.csv,53,__none__
WHO_021.csv,54,__none__
WHO_022.csv,0,ID
WHO_022.csv,1,__none__
WHO_022.csv,2,__none__
WHO_022.csv,3,__none__
WHO_022.csv,4,Contact_ID
WHO_022.csv,5,__none__
WHO_022.csv,6,__none__
WHO_022.csv,7,__none__
WHO_022.csv,8,__none__
WHO_022.csv,9,__none__
WHO_022.csv,10,Age
WHO_022.csv,11,Sex_at_birth
WHO_022.csv,12,Location_information
WHO_022.csv,13,Location_information
WHO_022.csv,14,__none__
WHO_022.csv,15,__none__
WHO_022.csv,16,__none__
WHO_022.csv,17,__none__
WHO_022.csv,18,__none__
WHO_022.csv,19,__none__
WHO_022.csv,20,__none__
WHO_022.csv,21,Case_status
WHO_022.csv,22,__none__
WHO_022.csv,23,__none__
WHO_022.csv,24,__none__
WHO_022.csv,25,__none__
WHO_022.csv,26,__none__
WHO_022.csv,27,__none__
WHO_022.csv,28,__none__
WHO_022.csv,29,__none__
WHO_022.csv,30,__none__
WHO_022.csv,31,__none__
WHO_022.csv,32,__none__
WHO_022.csv,33,__none__
WHO_022.csv,34,__none__
WHO_022.csv,35,__none__
WHO_022.csv,36,__none__
WHO_022.csv,37,__none__
WHO_022.csv,38,__none__
WHO_022.csv,39,__none__
WHO_022.csv,40,__none__
WHO_022.csv,41,__none__
WHO_022.csv,42,__none__
WHO_022.csv,43,__none__
WHO_022.csv,44,Vaccination
WHO_022.csv,45,__none__
WHO_022.csv,46,__none__
WHO_022.csv,47,__none__
WHO_022.csv,48,Travel_history_location
WHO_022.csv,49,__none__
WHO_022.csv,50,__none__
WHO_023.csv,0,ID
WHO_023.csv,1,__none__
WHO_023.csv,2,__none__
WHO_023.csv,3,__none__
WHO_023.csv,4,Contact_ID
WHO_023.csv,5,__none__
WHO_023.csv,6,__none__
WHO_023.csv,7,__none__
WHO_023.csv,8,__none__
WHO_023.csv,9,Contact_setting
WHO_023.csv,10,Age
WHO_023.csv,11,Sex_at_birth
WHO_023.csv,12,Location_information
WHO_023.csv,13,Location_information
WHO_023.csv,14,__none__
WHO_023.csv,15,__none__
WHO_023.csv,16,__none__
WHO_023.csv,17,__none__
WHO_023.csv,18,__none__
WHO_023.csv,19,__none__
WHO_023.csv,20,Case_status
WHO_023.csv,21,__none__
WHO_023.csv,22,__none__
WHO_023.csv,23,__none__
WHO_023.csv,24,__none__
WHO_023.csv,25,__none__
WHO_023.csv,26,__none__
WHO_023.csv,27,__none__
WHO_023.csv,28,__none__
WHO_023.csv,29,__none__
WHO_023.csv,30,__none__
WHO_023.csv,31,__none__
WHO_023.csv,32,__none__
WHO_023.csv,33,__none__
WHO_023.csv,34,__none__
WHO_023.csv,35,__none__
WHO_023.csv,36,__none__
WHO_023.csv,37,__none__
WHO_023.csv,38,__none__
WHO_023.csv,39,__none__
WHO_023.csv,40,__none__
WHO_023.csv,41,__none__
WHO_023.csv,42,__none__
WHO_023.csv,43,Vaccination
WHO_023.csv,44,__none__
WHO_023.csv,45,Case_status
WHO_023.csv,46,__none__
WHO_024.csv,0,ID
WHO_024.csv,1,__none__
WHO_024.csv,2,Location_information
WHO_024.csv,3,Location_information
WHO_024.csv,4,ID
WHO_024.csv,5,Date_report
WHO_024.csv,6,__none__
WHO_024.csv,7,Date_report
WHO_024.csv,8,__none__
WHO_024.csv,9,__none__
WHO_024.csv,10,__none__
WHO_024.csv,11,Date_onset
WHO_024.csv,12,Case_status
WHO_024.csv,13,Age
WHO_024.csv,14,__none__
WHO_024.csv,15,Age
WHO_024.csv,16,Sex_at_birth
WHO_024.csv,17,Travel_history
WHO_024.csv,18,Location_information
WHO_024.csv,19,Location_information
WHO_024.csv,20,Travel_history_start
WHO_024.csv,21,__none__
WHO_024.csv,22,__none__
WHO_024.csv,23,Location_information
WHO_024.csv,24,__none__
WHO_024.csv,25,__none__
WHO_024.csv,26,__none__
WHO_024.csv,27,__none__
WHO_024.csv,28,__none__
WHO_024.csv,29,__none__
WHO_024.csv,30,Location_information
WHO_024.csv,31,Location_information
WHO_024.csv,32,Location_information
WHO_024.csv,33,Location_information
WHO_024.csv,34,Location_information
WHO_024.csv,35,Location_information
WHO_024.csv,36,__none__
WHO_024.csv,37,__none__
WHO_024.csv,38,Hospitalised
WHO_024.csv,39,__none__
WHO_024.csv,40,__none__
WHO_024.csv,41,__none__
WHO_024.csv,42,Intensive_care
WHO_024.csv,43,Intensive_care
WHO_024.csv,44,__none__
WHO_024.csv,45,Outcome
WHO_024.csv,46,Date_death
WHO_024.csv,47,Symptoms
WHO_024.csv,48,Symptoms
WHO_024.csv,49,Symptoms
WHO_024.csv,50,Symptoms
WHO_024.csv,51,Symptoms
WHO_024.csv,52,Symptoms
WHO_024.csv,53,Symptoms
WHO_024.csv,54,Symptoms
WHO_024.csv,55,Symptoms
WHO_024.csv,56,Symptoms
WHO_024.csv,57,Symptoms
WHO_024.csv,58,Symptoms
WHO_024.csv,59,Symptoms
WHO_024.csv,60,Symptoms
WHO_024.csv,61,Symptoms
WHO_024.csv,62,Symptoms
WHO_024.csv,63,__none__
WHO_024.csv,64,__none__
WHO_024.csv,65,__none__
WHO_024.csv,66,__none__
WHO_024.csv,67,__none__
WHO_024.csv,68,__none__
WHO_024.csv,69,__none__
WHO_024.csv,70,__none__
WHO_024.csv,71,__none__
WHO_024.csv,72,__none__
WHO_024.csv,73,Pre_existing_condition
WHO_024.csv,74,Pregnancy_Status
WHO_024.csv,75,Pregnancy_Status
WHO_024.csv,76,Pregnancy_Status
WHO_024.csv,77,Pre_existing_condition
WHO_024.csv,78,Pre_existing_condition
WHO_024.csv,79,Pre_existing_condition
WHO_024.csv,80,Pre_existing_condition
WHO_024.csv,81,Pre_existing_condition
WHO_024.csv,82,Pre_existing_condition
WHO_024.csv,83,Pre_existing_condition
WHO_024.csv,84,Pre_existing_condition
WHO_024.csv,85,Symptoms
WHO_024.csv,86,__none__
WHO_024.csv,87,__none__
WHO_024.csv,88,__none__
WHO_024.csv,89,__none__
WHO_024.csv,90,Occupation
WHO_024.csv,91,Travel_history_location
WHO_024.csv,92,Travel_history_location
WHO_024.csv,93,Travel_history_location
WHO_024.csv,94,Travel_history_location
WHO_024.csv,95,__none__
WHO_024.csv,96,Contact_with_case
WHO_024.csv,97,Contact_with_case
WHO_024.csv,98,Contact_with_case
WHO_024.csv,99,Contact_setting
WHO_024.csv,100,Contact_setting
WHO_024.csv,101,Contact_with_case
WHO_024.csv,102,__none__
WHO_024.csv,103,__none__
WHO_024.csv,104,__none__
WHO_024.csv,105,__none__
WHO_024.csv,106,__none__
WHO_024.csv,107,__none__
WHO_024.csv,108,Contact_setting
WHO_024.csv,109,Contact_with_case
WHO_024.csv,110,Contact_setting
WHO_024.csv,111,Contact_setting
WHO_024.csv,112,Contact_animal
WHO_024.csv,113,Contact_comment
WHO_024.csv,114,__none__
WHO_024.csv,115,__none__
WHO_024.csv,116,__none__
WHO_024.csv,117,__none__
WHO_024.csv,118,__none__
WHO_024.csv,119,__none__
WHO_024.csv,120,__none__
WHO_024.csv,121,__none__
WHO_024.csv,122,__none__
WHO_024.csv,123,__none__
WHO_024.csv,124,__none__
WHO_024.csv,125,Outcome
WHO_024.csv,126,__none__
WHO_024.csv,127,__none__
WHO_024.csv,128,__none__
WHO_024.csv,129,__none__
WHO_024.csv,130,__none__
WHO_024.csv,131,__none__
WHO_024.csv,132,__none__
WHO_024.csv,133,__none__
WHO_024.csv,134,__none__
WHO_024.csv,135,__none__
WHO_024.csv,136,__none__
WHO_024.csv,137,__none__
WHO_024.csv,138,__none__
WHO_024.csv,139,__none__
WHO_024.csv,140,__none__
WHO_024.csv,141,__none__
WHO_025.csv,0,Location_information
WHO_025.csv,1,Location_information
WHO_025.csv,2,__none__
WHO_025.csv,3,__none__
WHO_025.csv,4,__none__
WHO_026.csv,0,__none__
WHO_026.csv,1,ID
WHO_026.csv,2,__none__
WHO_026.csv,3,Date_report
WHO_026.csv,4,__none__
WHO_026.csv,5,Occupation
WHO_026.csv,6,Age
WHO_026.csv,7,Sex_at_birth
WHO_026.csv,8,__none__
WHO_026.csv,9,Date_onset
WHO_026.csv,10,Vaccination
WHO_026.csv,11,Vaccination_date
WHO_026.csv,12,Contact_with_case
WHO_026.csv,13,Contact_with_case
WHO_026.csv,14,Contact_with_case
WHO_026.csv,15,Contact_setting
WHO_026.csv,16,__none__
WHO_026.csv,17,__none__
WHO_026.csv,18,__none__
WHO_026.csv,19,__none__
WHO_026.csv,20,__none__
WHO_026.csv,21,__none__
WHO_026.csv,22,__none__
WHO_026.csv,23,__none__
WHO_026.csv,24,Date_report
WHO_026.csv,25,__none__
WHO_026.csv,26,Date_of_first_consultation
WHO_026.csv,27,__none__
WHO_026.csv,28,__none__
WHO_026.csv,29,Case_status
WHO_026.csv,30,Date_death
WHO_026.csv,31,Outcome
WHO_026.csv,32,__none__
WHO_026.csv,33,Case_status
WHO_026.csv,34,ID
WHO_026.csv,35,Symptoms
WHO_026.csv,36,Symptoms
WHO_026.csv,37,Symptoms
WHO_026.csv,38,Symptoms
WHO_026.csv,39,Symptoms
WHO_026.csv,40,Symptoms
WHO_026.csv,41,Symptoms
WHO_026.csv,42,Symptoms
WHO_026.csv,43,Symptoms
WHO_026.csv,44,Symptoms
WHO_026.csv,45,Symptoms
WHO_026.csv,46,Symptoms
WHO_026.csv,47,Symptoms
WHO_026.csv,48,Symptoms
WHO_026.csv,49,Symptoms
WHO_026.csv,50,Symptoms
WHO_026.csv,51,__none__
WHO_026.csv,52,__none__
WHO_026.csv,53,__none__
WHO_026.csv,54,__none__
WHO_026.csv,55,__none__
WHO_026.csv,56,__none__
WHO_026.csv,57,__none__
WHO_026.csv,58,__none__
WHO_026.csv,59,__none__
WHO_027.csv,0,Date_entry
WHO_027.csv,1,ID
WHO_027.csv,2,Date_report
WHO_027.csv,3,Date_onset
WHO_027.csv,4,Contact_with_case
WHO_027.csv,5,Contact_ID
WHO_027.csv,6,Contact_ID
WHO_027.csv,7,__none__
WHO_027.csv,8,__none__
WHO_027.csv,9,__none__
WHO_027.csv,10,__none__
WHO_027.csv,11,__none__
WHO_027.csv,12,Age
WHO_027.csv,13,Sex_at_birth
WHO_027.csv,14,__none__
WHO_027.csv,15,__none__
WHO_027.csv,16,__none__
WHO_027.csv,17,__none__
WHO_027.csv,18,__none__
WHO_027.csv,19,__none__
WHO_027.csv,20,__none__
WHO_027.csv,21,__none__
WHO_027.csv,22,__none__
WHO_027.csv,23,Case_status
WHO_027.csv,24,__none__
WHO_027.csv,25,__none__
WHO_027.csv,26,__none__
WHO_027.csv,27,__none__
WHO_027.csv,28,__none__
WHO_027.csv,29,__none__
WHO_027.csv,30,__none__
WHO_027.csv,31,__none__
WHO_027.csv,32,__none__
WHO_027.csv,33,__none__
WHO_027.csv,34,__none__
WHO_027.csv,35,__none__
WHO_027.csv,36,__none__
WHO_027.csv,37,__none__
WHO_027.csv,38,__none__
WHO_027.csv,39,__none__
WHO_027.csv,40,__none__
WHO_027.csv,41,__none__
WHO_027.csv,42,__none__
WHO_027.csv,43,__none__
WHO_027.csv,44,__none__
WHO_027.csv,45,__none__
WHO_027.csv,46,Vaccination
WHO_027.csv,47,__none__
WHO_027.csv,48,__none__
WHO_027.csv,49,__none__
WHO_028.csv,0,__none__
WHO_028.csv,1,__none__
WHO_028.csv,2,Date_report
WHO_028.csv,3,__none__
WHO_028.csv,4,Contact_with_case
WHO_028.csv,5,Contact_ID
WHO_028.csv,6,Date_onset
WHO_028.csv,7,__none__
WHO_028.csv,8,Date_report
WHO_028.csv,9,Date_onset
WHO_028.csv,10,__none__
WHO_028.csv,11,__none__
WHO_028.csv,12,__none__
WHO_028.csv,13,__none__
WHO_028.csv,14,__none__
WHO_028.csv,15,Age
WHO_028.csv,16,Sex_at_birth
WHO_028.csv,17,__none__
WHO_028.csv,18,__none__
WHO_028.csv,19,Case_status
WHO_028.csv,20,Contact_with_case
WHO_028.csv,21,Outcome
WHO_028.csv,22,Date_death
WHO_028.csv,23,Transmission
WHO_028.csv,24,__none__
WHO_028.csv,25,Travel_history_start
WHO_028.csv,26,Travel_history_entry
WHO_028.csv,27,Contact_with_case
WHO_028.csv,28,__none__
WHO_028.csv,29,__none__
WHO_028.csv,30,__none__
WHO_028.csv,31,__none__
WHO_028.csv,32,__none__
WHO_028.csv,33,__none__
WHO_029.csv,0,ID
WHO_029.csv,1,__none__
WHO_029.csv,2,__none__
WHO_029.csv,3,__none__
WHO_029.csv,4,Age
WHO_029.csv,5,__none__
WHO_029.csv,6,Sex_at_birth
WHO_029.csv,7,__none__
WHO_029.csv,8,__none__
WHO_029.csv,9,__none__
WHO_029.csv,10,__none__
WHO_029.csv,11,__none__
WHO_029.csv,12,__none__
WHO_029.csv,13,Occupation
WHO_029.csv,14,__none__
WHO_029.csv,15,__none__
WHO_029.csv,16,__none__
WHO_029.csv,17,__none__
WHO_029.csv,18,__none__
WHO_029.csv,19,Date_onset
WHO_029.csv,20,Symptoms
WHO_029.csv,21,Symptoms
WHO_029.csv,22,Symptoms
WHO_029.csv,23,Symptoms
WHO_029.csv,24,Symptoms
WHO_029.csv,25,Symptoms
WHO_029.csv,26,Symptoms
WHO_029.csv,27,Symptoms
WHO_029.csv,28,Symptoms
WHO_029.csv,29,Symptoms
WHO_029.csv,30,Symptoms
WHO_029.csv,31,Symptoms
WHO_029.csv,32,Symptoms
WHO_029.csv,33,Symptoms
WHO_029.csv,34,Symptoms
WHO_029.csv,35,Symptoms
WHO_029.csv,36,Symptoms
WHO_029.csv,37,Symptoms
WHO_029.csv,38,Symptoms
WHO_029.csv,39,Symptoms
WHO_029.csv,40,Symptoms
WHO_029.csv,41,__none__
WHO_029.csv,42,__none__
WHO_029.csv,43,__none__
WHO_029.csv,44,__none__
WHO_029.csv,45,Case_status
WHO_029.csv,46,Date_confirmation
WHO_029.csv,47,Date_death
WHO_029.csv,48,__none__
WHO_029.csv,49,Outcome
WHO_029.csv,50,__none__
WHO_029.csv,51,__none__
WHO_029.csv,52,Date_isolation
WHO_029.csv,53,__none__
WHO_029.csv,54,__none__
WHO_029.csv,55,__none__
WHO_029.csv,56,Date_discharge_hospital
WHO_030.csv,0,ID
WHO_030.csv,1,__none__
WHO_030.csv,2,__none__
WHO_030.csv,3,__none__
WHO_030.csv,4,__none__
WHO_030.csv,5,__none__
WHO_030.csv,6,__none__
WHO_030.csv,7,__none__
WHO_030.csv,8,__none__
WHO_030.csv,9,Age
WHO_030.csv,10,Sex_at_birth
WHO_030.csv,11,Case_status
WHO_030.csv,12,__none__
WHO_030.csv,13,__none__
WHO_030.csv,14,__none__
WHO_030.csv,15,__none__
WHO_030.csv,16,__none__
WHO_030.csv,17,__none__
WHO_030.csv,18,__none__
WHO_030.csv,19,__none__
WHO_030.csv,20,__none__
WHO_030.csv,21,__none__
WHO_030.csv,22,__none__
WHO_030.csv,23,__none__
WHO_030.csv,24,Date_onset
WHO_030.csv,25,Date_report
WHO_030.csv,26,Date_isolation
WHO_030.csv,27,Date_hospitalisation
WHO_030.csv,28,Date_death
WHO_030.csv,29,Date_recovered
WHO_030.csv,30,Outcome
WHO_030.csv,31,__none__
WHO_030.csv,32,__none__
WHO_030.csv,33,__none__
WHO_030.csv,34,__none__
WHO_030.csv,35,Outcome
WHO_030.csv,36,__none__
WHO_030.csv,37,__none__
WHO_030.csv,38,__none__
WHO_030.csv,39,__none__
WHO_030.csv,40,__none__
WHO_030.csv,41,__none__
WHO_030.csv,42,__none__
WHO_030.csv,43,__none__
WHO_030.csv,44,Occupation
WHO_030.csv,45,__none__
WHO_030.csv,46,__none__
WHO_030.csv,47,__none__
WHO_030.csv,48,__none__
WHO_030.csv,49,__none__
WHO_030.csv,50,__none__
WHO_030.csv,51,__none__
WHO_030.csv,52,__none__
WHO_030.csv,53,__none__
WHO_030.csv,54,__none__
WHO_030.csv,55,__none__
WHO_030.csv,56,Date_last_modified
WHO_030.csv,57,__none__
WHO_030.csv,58,__none__
WHO_030.csv,59,__none__
WHO_030.csv,60,__none__
WHO_030.csv,61,__none__
WHO_030.csv,62,__none__
WHO_030.csv,63,__none__
WHO_030.csv,64,Date_report
WHO_030.csv,65,Date_report
WHO_030.csv,66,__none__
WHO_030.csv,67,Date_report
WHO_030.csv,68,Date_report
WHO_030.csv,69,__none__
WHO_030.csv,70,Date_report
WHO_030.csv,71,Date_report
WHO_030.csv,72,__none__
WHO_030.csv,73,Date_report
WHO_030.csv,74,Date_report
WHO_030.csv,75,__none__
WHO_030.csv,76,Date_report
WHO_030.csv,77,Date_report
WHO_030.csv,78,__none__
WHO_030.csv,79,__none__
WHO_030.csv,80,__none__
WHO_031.csv,0,ID
WHO_031.csv,1,Contact_ID
WHO_031.csv,2,__none__
WHO_031.csv,3,__none__
WHO_031.csv,4,Contact_setting
WHO_031.csv,5,__none__
WHO_031.csv,6,Contact_ID
WHO_031.csv,7,Contact_ID
WHO_031.csv,8,__none__
WHO_031.csv,9,__none__
WHO_031.csv,10,__none__
WHO_031.csv,11,Date_entry
WHO_031.csv,12,__none__
WHO_031.csv,13,__none__
WHO_032.csv,0,__none__
WHO_032.csv,1,ID
WHO_032.csv,2,Date_report
WHO_032.csv,3,Date_report
WHO_032.csv,4,__none__
WHO_032.csv,5,__none__
WHO_032.csv,6,__none__
WHO_032.csv,7,__none__
WHO_032.csv,8,__none__
WHO_032.csv,9,__none__
WHO_032.csv,10,__none__
WHO_032.csv,11,__none__
WHO_032.csv,12,Contact_with_case
WHO_032.csv,13,Age
WHO_032.csv,14,__none__
WHO_032.csv,15,Sex_at_birth
WHO_032.csv,16,Location_information
WHO_032.csv,17,Location_information
WHO_032.csv,18,Location_information
WHO_032.csv,19,__none__
WHO_032.csv,20,__none__
WHO_032.csv,21,__none__
WHO_032.csv,22,__none__
WHO_032.csv,23,__none__
WHO_032.csv,24,Case_status
WHO_032.csv,25,__none__
WHO_032.csv,26,__none__
WHO_032.csv,27,__none__
WHO_032.csv,28,__none__
WHO_032.csv,29,__none__
WHO_032.csv,30,__none__
WHO_032.csv,31,__none__
WHO_032.csv,32,__none__
WHO_032.csv,33,__none__
WHO_032.csv,34,__none__
WHO_032.csv,35,__none__
WHO_032.csv,36,__none__
WHO_032.csv,37,__none__
WHO_032.csv,38,__none__
WHO_032.csv,39,__none__
WHO_032.csv,40,__none__
WHO_032.csv,41,__none__
WHO_032.csv,42,__none__
WHO_032.csv,43,__none__
WHO_032.csv,44,__none__
WHO_032.csv,45,__none__
WHO_032.csv,46,__none__
WHO_032.csv,47,Vaccination
WHO_032.csv,48,__none__
WHO_032.csv,49,__none__
WHO_032.csv,50,__none__
WHO_032.csv,51,__none__
WHO_032.csv,52,__none__
WHO_032.csv,53,__none__
WHO_032.csv,54,__none__
WHO_032.csv,55,__none__
WHO_032.csv,56,__none__
WHO_032.csv,57,__none__
WHO_032.csv,58,__none__
WHO_032.csv,59,__none__
WHO_032.csv,60,__none__
WHO_032.csv,61,__none__
WHO_032.csv,62,__none__
WHO_032.csv,63,__none__
WHO_032.csv,64,__none__
WHO_032.csv,65,__none__
WHO_032.csv,66,__none__
WHO_033.csv,0,ID
WHO_033.csv,1,__none__
WHO_033.csv,2,Case_status
WHO_033.csv,3,Date_isolation
WHO_033.csv,4,Date_onset
WHO_033.csv,5,Date_confirmation
WHO_033.csv,6,__none__
WHO_033.csv,7,__none__
WHO_033.csv,8,Date_report
WHO_033.csv,9,__none__
WHO_033.csv,10,__none__
WHO_033.csv,11,__none__
WHO_033.csv,12,__none__
WHO_033.csv,13,__none__
WHO_033.csv,14,__none__
WHO_033.csv,15,__none__
WHO_034.csv,0,__none__
WHO_034.csv,1,ID
WHO_034.csv,2,Date_report
WHO_034.csv,3,Date_report
WHO_034.csv,4,Case_status
WHO_034.csv,5,Contact_ID
WHO_034.csv,6,__none__
WHO_034.csv,7,__none__
WHO_034.csv,8,__none__
WHO_034.csv,9,__none__
WHO_034.csv,10,__none__
WHO_034.csv,11,__none__
WHO_034.csv,12,Contact_with_case
WHO_034.csv,13,Age
WHO_034.csv,14,__none__
WHO_034.csv,15,Sex_at_birth
WHO_034.csv,16,__none__
WHO_034.csv,17,__none__
WHO_034.csv,18,__none__
WHO_034.csv,19,__none__
WHO_034.csv,20,__none__
WHO_034.csv,21,__none__
WHO_034.csv,22,__none__
WHO_034.csv,23,__none__
WHO_034.csv,24,__none__
WHO_034.csv,25,Case_status
WHO_034.csv,26,__none__
WHO_034.csv,27,__none__
WHO_034.csv,28,__none__
WHO_034.csv,29,__none__
WHO_034.csv,30,__none__
WHO_034.csv,31,__none__
WHO_034.csv,32,__none__
WHO_034.csv,33,__none__
WHO_034.csv,34,__none__
WHO_034.csv,35,__none__
WHO_034.csv,36,__none__
WHO_034.csv,37,__none__
WHO_034.csv,38,__none__
WHO_034.csv,39,__none__
WHO_034.csv,40,__none__
WHO_034.csv,41,__none__
WHO_034.csv,42,__none__
WHO_034.csv,43,__none__
WHO_034.csv,44,__none__
WHO_034.csv,45,__none__
WHO_034.csv,46,__none__
WHO_034.csv,47,__none__
WHO_034.csv,48,Vaccination
WHO_034.csv,49,__none__
WHO_034.csv,50,__none__
WHO_034.csv,51,__none__
WHO_034.csv,52,Case_status
WHO_034.csv,53,__none__
WHO_034.csv,54,__none__
WHO_034.csv,55,__none__
WHO_034.csv,56,__none__
WHO_034.csv,57,__none__
WHO_034.csv,58,__none__
WHO_034.csv,59,__none__
WHO_034.csv,60,__none__
WHO_034.csv,61,__none__
WHO_034.csv,62,__none__
WHO_034.csv,63,__none__
WHO_034.csv,64,__none__
WHO_034.csv,65,__none__
WHO_035.csv,0,__none__
WHO_035.csv,1,__none__
WHO_035.csv,2,__none__
WHO_035.csv,3,Location_information
WHO_035.csv,4,__none__
WHO_035.csv,5,__none__
WHO_035.csv,6,__none__
WHO_035.csv,7,__none__
WHO_035.csv,8,__none__
WHO_035.csv,9,__none__
WHO_035.csv,10,__none__
WHO_035.csv,11,__none__
WHO_035.csv,12,__none__
WHO_035.csv,13,__none__
WHO_035.csv,14,__none__
WHO_035.csv,15,__none__
WHO_035.csv,16,__none__
WHO_036.csv,0,Date_report
WHO_036.csv,1,__none__
WHO_036.csv,2,__none__
WHO_036.csv,3,Location_information
WHO_036.csv,4,Location_information
WHO_036.csv,5,__none__
WHO_036.csv,6,__none__
WHO_036.csv,7,__none__
WHO_036.csv,8,__none__
WHO_036.csv,9,__none__
WHO_036.csv,10,__none__
WHO_036.csv,11,__none__
WHO_036.csv,12,__none__
WHO_036.csv,13,__none__
WHO_036.csv,14,__none__
WHO_036.csv,15,__none__
WHO_036.csv,16,__none__
WHO_036.csv,17,__none__
WHO_036.csv,18,__none__
WHO_036.csv,19,__none__
WHO_036.csv,20,__none__
WHO_036.csv,21,__none__
WHO_036.csv,22,__none__
WHO_036.csv,23,__none__
WHO_036.csv,24,__none__
WHO_036.csv,25,__none__
WHO_036.csv,26,__none__
WHO_036.csv,27,__none__
WHO_037.csv,0,Outcome
WHO_037.csv,1,Age
WHO_037.csv,2,Sex_at_birth
WHO_038.csv,0,__none__
WHO_038.csv,1,ID
WHO_038.csv,2,Outcome
WHO_038.csv,3,Date_recovered
WHO_038.csv,4,Date_confirmation
WHO_038.csv,5,Case_status
WHO_038.csv,6,__none__
WHO_038.csv,7,__none__
WHO_038.csv,8,Date_report
WHO_038.csv,9,Date_report
WHO_038.csv,10,Date_onset
WHO_038.csv,11,Age
WHO_038.csv,12,__none__
WHO_038.csv,13,Sex_at_birth
WHO_038.csv,14,__none__
WHO_038.csv,15,__none__
WHO_038.csv,16,__none__
WHO_038.csv,17,__none__
WHO_038.csv,18,Date_isolation
WHO_038.csv,19,Healthcare_worker
WHO_038.csv,20,Occupation
WHO_038.csv,21,__none__
WHO_038.csv,22,__none__
WHO_038.csv,23,__none__
WHO_038.csv,24,__none__
WHO_038.csv,25,Contact_ID
WHO_038.csv,26,Vaccination
WHO_038.csv,27,Vaccination_date
WHO_038.csv,28,Symptoms
WHO_038.csv,29,Symptoms
WHO_038.csv,30,Symptoms
WHO_038.csv,31,Symptoms
WHO_038.csv,32,Symptoms
WHO_038.csv,33,Symptoms
WHO_038.csv,34,Symptoms
WHO_038.csv,35,Symptoms
WHO_038.csv,36,Symptoms
WHO_038.csv,37,Symptoms
WHO_038.csv,38,Symptoms
WHO_038.csv,39,Symptoms
WHO_038.csv,40,Symptoms
WHO_038.csv,41,Symptoms
WHO_038.csv,42,Symptoms
WHO_038.csv,43,Symptoms
WHO_038.csv,44,Symptoms
WHO_038.csv,45,Symptoms
WHO_038.csv,46,Symptoms
WHO_038.csv,47,Symptoms
WHO_038.csv,48,Symptoms
WHO_038.csv,49,Symptoms
WHO_038.csv,50,Symptoms
WHO_038.csv,51,Symptoms
WHO_038.csv,52,Symptoms
WHO_038.csv,53,Symptoms
WHO_038.csv,54,Symptoms
WHO_038.csv,55,Symptoms
WHO_038.csv,56,Symptoms
WHO_038.csv,57,Symptoms
WHO_038.csv,58,Symptoms
WHO_038.csv,59,Symptoms
WHO_038.csv,60,Symptoms
WHO_038.csv,61,Symptoms
WHO_039.csv,0,ID
WHO_039.csv,1,__none__
WHO_039.csv,2,__none__
WHO_039.csv,3,__none__
WHO_039.csv,4,__none__
WHO_039.csv,5,__none__
WHO_039.csv,6,Location_information
WHO_039.csv,7,Date_report
WHO_039.csv,8,__none__
WHO_039.csv,9,__none__
WHO_039.csv,10,__none__
WHO_039.csv,11,__none__
WHO_039.csv,12,__none__
WHO_039.csv,13,__none__
WHO_039.csv,14,__none__
WHO_039.csv,15,__none__
WHO_039.csv,16,__none__
WHO_039.csv,17,__none__
WHO_039.csv,18,__none__
WHO_039.csv,19,__none__
WHO_039.csv,20,__none__
WHO_039.csv,21,__none__
WHO_039.csv,22,__none__
WHO_039.csv,23,__none__
WHO_039.csv,24,__none__
WHO_039.csv,25,Date_report
WHO_039.csv,26,__none__
WHO_039.csv,27,Date_report
WHO_039.csv,28,__none__
WHO_039.csv,29,__none__
WHO_039.csv,30,__none__
WHO_039.csv,31,__none__
WHO_039.csv,32,__none__
WHO_039.csv,33,__none__
WHO_039.csv,34,__none__
WHO_039.csv,35,Date_report
WHO_039.csv,36,__none__
WHO_039.csv,37,__none__
WHO_039.csv,38,__none__
WHO_039.csv,39,__none__
WHO_039.csv,40,__none__
WHO_039.csv,41,__none__
WHO_039.csv,42,Date_report
WHO_039.csv,43,__none__
WHO_039.csv,44,__none__
WHO_039.csv,45,__none__
WHO_039.csv,46,__none__
WHO_039.csv,47,__none__
WHO_039.csv,48,__none__
WHO_039.csv,49,__none__
WHO_039.csv,50,__none__
WHO_039.csv,51,__none__
WHO_039.csv,52,__none__
WHO_039.csv,53,__none__
WHO_039.csv,54,__none__
WHO_039.csv,55,__none__
WHO_039.csv,56,__none__
WHO_039.csv,57,__none__
WHO_039.csv,58,__none__
WHO_039.csv,59,__none__
WHO_039.csv,60,Date_report
WHO_039.csv,61,__none__
WHO_039.csv,62,__none__
WHO_039.csv,63,__none__
WHO_039.csv,64,__none__
WHO_039.csv,65,__none__
WHO_039.csv,66,__none__
WHO_039.csv,67,__none__
WHO_039.csv,68,Date_report
WHO_039.csv,69,__none__
WHO_039.csv,70,__none__
WHO_039.csv,71,__none__
WHO_039.csv,72,__none__
WHO_039.csv,73,__none__
WHO_039.csv,74,__none__
WHO_039.csv,75,Intensive_care
WHO_039.csv,76,__none__
WHO_039.csv,77,__none__
WHO_039.csv,78,__none__
WHO_039.csv,79,__none__
WHO_039.csv,80,__none__
WHO_039.csv,81,__none__
WHO_039.csv,82,__none__
WHO_039.csv,83,__none__
WHO_039.csv,84,__none__
WHO_039.csv,85,__none__
WHO_039.csv,86,__none__
WHO_039.csv,87,__none__
WHO_039.csv,88,Symptoms
WHO_039.csv,89,__none__
WHO_039.csv,90,__none__
WHO_039.csv,91,__none__
WHO_039.csv,92,__none__
WHO_039.csv,93,Date_death
WHO_039.csv,94,__none__
WHO_039.csv,95,__none__
WHO_039.csv,96,__none__
WHO_039.csv,97,__none__
WHO_039.csv,98,__none__
WHO_039.csv,99,Date_hospitalisation
WHO_039.csv,100,__none__
WHO_039.csv,101,__none__
WHO_039.csv,102,__none__
WHO_039.csv,103,__none__
WHO_039.csv,104,__none__
WHO_039.csv,105,Date_onset
WHO_039.csv,106,__none__
WHO_039.csv,107,__none__
WHO_039.csv,108,__none__
WHO_039.csv,109,__none__
WHO_039.csv,110,__none__
WHO_039.csv,111,Date_report
WHO_039.csv,112,__none__
WHO_039.csv,113,__none__
WHO_039.csv,114,__none__
WHO_039.csv,115,__none__
WHO_039.csv,116,__none__
WHO_039.csv,117,__none__
WHO_039.csv,118,__none__
WHO_039.csv,119,__none__
WHO_039.csv,120,__none__
WHO_039.csv,121,__none__
WHO_039.csv,122,__none__
WHO_039.csv,123,Gender
WHO_039.csv,124,__none__
WHO_039.csv,125,__none__
WHO_039.csv,126,__none__
WHO_039.csv,127,__none__
WHO_039.csv,128,__none__
WHO_039.csv,129,Hospitalised
WHO_039.csv,130,__none__
WHO_039.csv,131,__none__
WHO_039.csv,132,__none__
WHO_039.csv,133,__none__
WHO_039.csv,134,__none__
WHO_039.csv,135,__none__
WHO_039.csv,136,__none__
WHO_039.csv,137,Outcome
WHO_039.csv,138,__none__
WHO_039.csv,139,__none__
WHO_039.csv,140,__none__
WHO_039.csv,141,__none__
WHO_039.csv,142,__none__
WHO_039.csv,143,__none__
WHO_039.csv,144,__none__
WHO_039.csv,145,__none__
WHO_039.csv,146,__none__
WHO_039.csv,147,__none__
WHO_039.csv,148,__none__
WHO_039.csv,149,__none__
WHO_039.csv,150,__none__
WHO_039.csv,151,__none__
WHO_039.csv,152,__none__
WHO_039.csv,153,__none__
WHO_039.csv,154,__none__
WHO_039.csv,155,__none__
WHO_039.csv,156,__none__
WHO_039.csv,157,__none__
WHO_039.csv,158,__none__
WHO_039.csv,159,__none__
WHO_039.csv,160,__none__
WHO_039.csv,161,__none__
WHO_039.csv,162,__none__
WHO_039.csv,163,__none__
WHO_039.csv,164,__none__
WHO_039.csv,165,__none__
WHO_039.csv,166,Vaccine_name
WHO_039.csv,167,Vaccination_date
WHO_039.csv,168,__none__
WHO_039.csv,169,__none__
WHO_039.csv,170,__none__
WHO_039.csv,171,__none__
WHO_039.csv,172,__none__
WHO_039.csv,173,Vaccination
WHO_039.csv,174,__none__
WHO_039.csv,175,__none__
WHO_039.csv,176,__none__
WHO_039.csv,177,__none__
WHO_039.csv,178,__none__
WHO_039.csv,179,__none__
WHO_039.csv,180,__none__
WHO_039.csv,181,__none__
WHO_039.csv,182,__none__
WHO_039.csv,183,__none__
WHO_039.csv,184,Travel_history
WHO_039.csv,185,Travel_history_location
WHO_039.csv,186,__none__
WHO_039.csv,187,__none__
WHO_039.csv,188,Date_report
WHO_039.csv,189,__none__
WHO_039.csv,190,__none__
WHO_039.csv,191,__none__
WHO_039.csv,192,__none__
WHO_039.csv,193,__none__
WHO_039.csv,194,__none__
WHO_039.csv,195,__none__
WHO_039.csv,196,__none__
WHO_039.csv,197,__none__
WHO_039.csv,198,__none__
WHO_039.csv,199,__none__
WHO_039.csv,200,__none__
WHO_039.csv,201,__none__

